Fund Name,P1,P2,P3,P4,P5,Topsis Score,Rank
M1,0.4009433095054109,0.44273751033626746,0.4219372373064185,0.267268744590665,0.28904500850960757,0.5320011820826994,4
M2,0.3436656938617808,0.32538539916279896,0.2668132530025882,0.4584914099193453,0.4378295705306388,0.5475386313627141,2
M3,0.29079404865227604,0.23470422234693697,0.378502521701346,0.28055835067528373,0.29188638035375924,0.3308473321920612,8
M4,0.3304477825594046,0.29871446480519254,0.3536826842127332,0.45701478702105425,0.4450621534066612,0.4633818611789254,6
M5,0.40975525037366173,0.45874007095083136,0.29163309049120106,0.3654641673270143,0.36162914380111766,0.6897014079733048,1
M6,0.2952000190864015,0.2400384092184583,0.33506780609627357,0.24142784387057312,0.25339870719206886,0.3854043460008517,7
M7,0.3965373390712855,0.43206913659322493,0.4157322779342653,0.32707197197144916,0.3404480082356236,0.5444792239101263,3
M8,0.3392597234276554,0.3147170254197564,0.33506780609627357,0.3632492329795779,0.3613708372698311,0.4635063217888556,5
